{
  "model_name": "XGBoost",
  "r2": 0.9664,
  "mae": 32.1455,
  "rmse": 43.9746,
  "mape": 9.75,
  "num_samples": 500,
  "num_features": 18,
  "feature_columns": [
    "product_category",
    "brand",
    "base_price",
    "competitor_price",
    "cost_price",
    "stock_quantity",
    "daily_views",
    "daily_sales",
    "add_to_cart_count",
    "customer_rating",
    "review_count",
    "discount_percentage",
    "advertising_spend",
    "promotion_type",
    "day_of_week",
    "season",
    "demand_index",
    "price_elasticity"
  ],
  "target_column": "final_price",
  "feature_importance": {
    "base_price": 0.6841581463813782,
    "discount_percentage": 0.16066189110279083,
    "competitor_price": 0.07628701627254486,
    "demand_index": 0.048481810837984085,
    "cost_price": 0.014579180628061295,
    "price_elasticity": 0.0034524358343333006,
    "add_to_cart_count": 0.0022802595049142838,
    "stock_quantity": 0.0017691332614049315,
    "daily_views": 0.001663508010096848,
    "customer_rating": 0.001244959537871182,
    "review_count": 0.001154804602265358,
    "daily_sales": 0.0010039993794634938,
    "brand": 0.0008787863189354539,
    "advertising_spend": 0.0007692693616263568,
    "product_category": 0.0005957932444289327,
    "season": 0.000414741545682773,
    "day_of_week": 0.000307724520098418,
    "promotion_type": 0.0002964645973406732
  }
}